Date,SP500_ret,VIX,FEDFUNDS_d,CPI_yoy,UNRATE_d,M2_yoy,SENTIMENT_d,OIL_ret,GS10_d
2001-01-31,0.034050231409260966,3.0919511520830745,-0.41999999999999993,3.7212049616065945,0.30000000000000027,6.656525837689609,-3.700000000000003,0.06869342545986,-0.08000000000000007
2001-02-28,-0.09683114482086731,3.344627043629483,-0.4900000000000002,3.529411764705892,0.0,7.180243115640161,-4.1000000000000085,-0.04538924526031465,-0.0600000000000005
2001-03-31,-0.06635853454793589,3.354804320781287,-0.1800000000000006,2.9824561403508643,0.09999999999999964,7.70634802725132,0.9000000000000057,-0.03648952850279492,-0.20999999999999996
2001-04-30,0.07400701716559067,3.2378938127383554,-0.5099999999999998,3.2182562902282053,0.10000000000000053,7.787658878308656,-3.0999999999999943,0.07697508617857961,0.25
2001-05-31,0.005077276192499077,3.1197182263759906,-0.5899999999999999,3.5630841121495394,-0.10000000000000053,8.021952604243321,3.5999999999999943,-0.0031651160588952406,0.25
2001-06-30,-0.025354105491820707,2.9475918702062436,-0.23999999999999977,3.193960511033689,0.20000000000000018,8.515585721468067,0.5999999999999943,-0.07380997011968454,-0.10999999999999943
2001-07-31,-0.010798241319025235,3.0736188510285176,-0.20000000000000018,2.7214823393167498,0.09999999999999964,8.738755661302777,-0.19999999999998863,0.012436565041008563,-0.040000000000000036
2001-08-31,-0.06625562852916861,3.215670696980807,-0.1200000000000001,2.7214823393167498,0.3000000000000007,8.803817823425675,-0.9000000000000057,-0.0018744147943503039,-0.27000000000000046
2001-09-30,-0.08525663276941997,3.463546016284341,-0.5800000000000001,2.5921658986175045,0.09999999999999964,10.296177294447206,-9.700000000000003,-0.1283451859030416,-0.23999999999999932
2001-10-31,0.01793727226268294,3.513334922519476,-0.5799999999999996,2.127659574468077,0.2999999999999998,9.699669492743212,0.9000000000000057,-0.1004427830308452,-0.16000000000000014
2001-11-30,0.07248427993671071,3.171364848597648,-0.40000000000000036,1.894374282433997,0.20000000000000018,10.338542200012292,1.2000000000000028,-0.08564010492010768,0.08000000000000007
2001-12-31,0.007545296609037892,3.169685548621149,-0.2699999999999998,1.603665521191311,0.20000000000000018,10.408718240116887,4.8999999999999915,0.025369194125459005,0.4399999999999995
2002-01-31,-0.015696378592795636,3.0487990017257656,-0.09000000000000008,1.1958997722095743,0.0,9.694072273667697,4.200000000000003,-0.012604149718689122,-0.04999999999999982
2002-02-28,-0.020984861119793335,3.072230251594242,0.010000000000000009,1.1363636363636465,0.0,9.431931433127371,-2.299999999999997,0.09986599634018563,-0.1299999999999999
2002-03-31,0.036080106667215,2.8564701842969358,-0.010000000000000009,1.3628620102214661,0.0,8.418065736580749,5.0,0.1851488998305005,0.3700000000000001
2002-04-30,-0.0633846547446828,3.0869431466430717,0.020000000000000018,1.643990929705219,0.20000000000000018,7.0634936078301624,-2.700000000000003,0.04147801736727436,-0.07000000000000028
2002-05-31,-0.009122969376784574,2.9947317503093127,0.0,1.2408347433727984,-0.10000000000000053,7.613096628513594,3.9000000000000057,-0.07405166109139874,-0.04999999999999982
2002-06-30,-0.07521434960317877,3.2347491590059976,0.0,1.0692177827799743,0.0,7.204494121735094,-4.5,0.05446130994532686,-0.23000000000000043
2002-07-31,-0.08229988459363792,3.4666729255098225,-0.020000000000000018,1.465614430665152,0.0,7.4088291746641,-4.300000000000011,0.008548648975535538,-0.27999999999999936
2002-08-31,0.004869557741769333,3.4855385113964097,0.010000000000000009,1.747463359639223,-0.09999999999999964,7.523170220069408,-0.5,0.06968347924920618,-0.39000000000000057
2002-09-30,-0.11656114050838795,3.6810992321945446,0.010000000000000009,1.516002245929271,0.0,5.736587552053174,-1.5,0.05441234638155311,-0.3899999999999997
2002-10-31,0.08291439611915427,3.4384931468056092,0.0,2.0270270270270174,0.0,6.798532879224517,-5.5,-0.11819174943981445,0.06999999999999984
2002-11-30,0.05550057104349944,3.3141860046725258,-0.4099999999999999,2.2535211267605604,0.20000000000000018,6.878886310904875,3.6000000000000085,-0.011470986095597704,0.10999999999999988
2002-12-31,-0.06222926619772059,3.3541058034516236,-0.10000000000000009,2.4802705749718212,0.09999999999999964,6.229206874368165,2.5,0.14972813365528811,-0.019999999999999574
2003-01-31,-0.0277974877305516,3.439456096226918,0.0,2.757456387169399,-0.20000000000000018,6.431174348550628,-4.299999999999997,0.07110534546653084,0.019999999999999574
2003-02-28,-0.01714982949976613,3.3887873332617002,0.020000000000000018,3.146067415730336,0.10000000000000053,6.520709628064547,-2.5,0.09256639573826725,-0.1499999999999999
2003-03-31,0.008322836592988462,3.3724548997100614,-0.010000000000000009,3.025210084033625,0.0,6.659396583060695,-2.3000000000000114,-0.16591713108163392,-0.08999999999999986
2003-04-30,0.07792734002637904,3.054472725411699,0.010000000000000009,2.175125488008911,0.09999999999999964,7.331746060595035,8.400000000000006,-0.17694106725721528,0.1499999999999999
2003-05-31,0.04964571199782594,2.9688747841172605,0.0,1.8941504178273005,0.09999999999999964,7.904780854874005,6.099999999999994,0.12486999693136397,-0.3900000000000001
2003-06-30,0.011258598140629074,2.971439604435954,-0.040000000000000036,1.948775055679297,0.20000000000000018,8.083481893648825,-2.3999999999999915,0.01976282709319332,-0.23999999999999977
2003-07-31,0.016093504013478806,2.969901501775917,-0.20999999999999996,2.055555555555544,-0.09999999999999964,8.096854896354543,1.2000000000000028,0.013507041125125298,0.6499999999999999
2003-08-31,0.017715355943955013,2.924773139566078,0.020000000000000018,2.216066481994461,-0.10000000000000053,8.314562900164946,-1.6000000000000085,0.038515672080615404,0.4700000000000002
2003-09-30,-0.012016271671429112,3.1232455636308765,-0.020000000000000018,2.378318584070782,0.0,7.3715627925048155,-1.5999999999999943,-0.08438145151291153,-0.1800000000000006
2003-10-31,0.05350426070312328,2.778819295684189,0.0,2.041942604856528,-0.09999999999999964,6.358746123249981,1.8999999999999915,0.0017114500155541682,0.020000000000000462
2003-11-30,0.007103216390662538,2.7923913308364643,-0.010000000000000009,1.9283746556473913,-0.20000000000000018,5.512234938608218,4.1000000000000085,0.03659968681891206,0.009999999999999787
2003-12-31,0.04951898497110497,2.907447329518881,-0.020000000000000018,2.0352035203520247,-0.09999999999999964,5.0939543897290385,-1.1000000000000085,0.06941041261532431,-0.03000000000000025
2004-01-31,0.017128847057714995,2.811208242739808,0.020000000000000018,2.026286966046009,0.0,4.645480979336214,11.200000000000003,0.019796595951280156,-0.11999999999999922
2004-02-29,0.01213504533610582,2.6775910067264266,0.010000000000000009,1.688453159041381,-0.10000000000000053,4.678362573099415,-9.399999999999991,0.0843943649273288,-0.07000000000000028
2004-03-31,-0.016494204178642544,2.817801051388579,-0.010000000000000009,1.7400761283306032,0.20000000000000018,4.933201554086297,1.3999999999999915,-0.009188426054406255,-0.25
2004-04-30,-0.016933314713063943,2.8443278504626814,0.0,2.2925764192139875,-0.20000000000000018,4.968249936499869,-1.5999999999999943,0.04271111809304987,0.5199999999999996
2004-05-31,0.012011028036095873,2.740840023925201,0.0,2.8977583378895444,0.0,5.2034264831609445,-4.0,0.06711493666275126,0.3700000000000001
2004-06-30,0.017829111362111554,2.663052845812192,0.030000000000000027,3.1676679410158393,0.0,4.593315784212448,5.3999999999999915,-0.07762291426116633,0.010000000000000675
2004-07-31,-0.03489223484716681,2.729159144392355,0.22999999999999998,2.939575394665228,-0.09999999999999964,4.000595129854023,1.1000000000000085,0.1690522536736863,-0.23000000000000043
2004-08-31,0.0022847383199045748,2.727199017446074,0.16999999999999993,2.5474254742547275,-0.09999999999999964,3.450082690638756,-0.7999999999999972,-0.03467479436248568,-0.21999999999999975
2004-09-30,0.009320306218269942,2.5907670519258503,0.18000000000000016,2.5391680172879516,0.0,4.482129052420358,-1.7000000000000028,0.16005318781508954,-0.15000000000000036
2004-10-31,0.013916952102817836,2.78932294936639,0.1499999999999999,3.1909140075716547,0.09999999999999964,5.103789126853386,-2.5,0.043819917562449795,-0.03000000000000025
2004-11-30,0.037868776906828334,2.583242533221714,0.16999999999999993,3.621621621621607,-0.09999999999999964,5.444819356431574,1.0999999999999943,-0.05192368962555765,0.09000000000000075
2004-12-31,0.03194257321148287,2.5870118698548024,0.2300000000000002,3.3423180592991875,0.0,5.773980045441074,4.299999999999997,-0.1255429275664433,0.040000000000000036
2005-01-31,-0.02561576769530585,2.551006427687861,0.11999999999999966,2.8448738593666034,-0.10000000000000053,5.733217145393854,-1.5999999999999943,0.10685847065360413,-0.010000000000000675
2005-02-28,0.018726898056026692,2.491551186190945,0.2200000000000002,3.0530262453133394,0.10000000000000053,5.179849064000774,-1.4000000000000057,0.07002860436048355,-0.04999999999999982
2005-03-31,-0.019302760921690573,2.640484914257205,0.1299999999999999,3.2068412613575736,-0.20000000000000018,4.715893405219318,-1.5,0.06652929186110824,0.33000000000000007
2005-04-30,-0.020313511500222595,2.7285062370776063,0.16000000000000014,3.3617929562433257,0.0,4.241075029440711,-4.8999999999999915,-0.1170601005083242,-0.16000000000000014
2005-05-31,0.029512244489019596,2.5870118698548024,0.20999999999999996,2.869287991498415,-0.10000000000000053,3.2394792612776335,-0.7999999999999972,0.05688737440205121,-0.20000000000000018
2005-06-30,-0.00014272436450534957,2.4882344367123217,0.040000000000000036,2.541026998411855,-0.09999999999999964,3.724175281543185,9.099999999999994,0.08375788222539986,-0.13999999999999968
2005-07-31,0.03533653227186871,2.448415514829113,0.21999999999999975,3.067160232681121,0.0,4.0120169763634195,0.5,0.06956954901662894,0.17999999999999972
2005-08-31,-0.011285547502899257,2.533696844232807,0.2400000000000002,3.6469344608879517,-0.09999999999999964,4.091614169489377,-7.400000000000006,0.12262132777820053,0.08000000000000007
2005-09-30,0.006924991121193389,2.4782176680377024,0.1200000000000001,4.741833508956805,0.09999999999999964,4.060010704952632,-12.199999999999989,-0.035898247983788587,-0.05999999999999961
2005-10-31,-0.017900033906343305,2.729159144392355,0.1599999999999997,4.350104821802936,0.0,4.139628201511014,-2.700000000000003,-0.10182584798016867,0.2599999999999998
2005-11-30,0.0345812139547286,2.4898942260931265,0.2200000000000002,3.3385498174230532,0.0,3.971090957338874,7.3999999999999915,-0.042181614036294675,0.08000000000000007
2005-12-31,-0.0009528030899304152,2.4907230098256137,0.16000000000000014,3.3385498174230532,-0.09999999999999964,4.098373414273482,9.900000000000006,0.06303294038644054,-0.07000000000000028
2006-01-31,0.025147895607579913,2.561095773416986,0.1299999999999999,4.018789144050117,-0.20000000000000018,4.654164334141941,-0.29999999999999716,0.10558977204935216,-0.04999999999999982
2006-02-28,0.00045305508340120506,2.5128460308425487,0.20000000000000018,3.63825363825363,0.09999999999999964,4.904564444237369,-4.5,-0.1005256429550785,0.15000000000000036
2006-03-31,0.011034703509449961,2.432735807601562,0.09999999999999964,3.4179181771103018,-0.09999999999999964,4.978056231875061,2.200000000000003,0.07651434846532602,0.14999999999999947
2006-04-30,0.012082366269225648,2.4501426705171383,0.20000000000000018,3.613835828600931,0.0,5.340617165495676,-1.5,0.08044901118784677,0.27000000000000046
2006-05-31,-0.0314049293203158,2.79971742211329,0.15000000000000036,3.9772727272727293,-0.10000000000000053,5.165920666769552,-8.300000000000011,-0.005306533887876077,0.1200000000000001
2006-06-30,8.659275533511337e-05,2.5710843401961823,0.04999999999999982,4.1817243159525175,0.0,5.222906460678467,5.800000000000011,0.0346760113421835,0.0
2006-07-31,0.005072989405988439,2.7047112870785104,0.25,4.104669061056954,0.10000000000000053,5.350347673263545,-0.20000000000000284,0.008350216868849842,-0.020000000000000462
2006-08-31,0.021051056620195078,2.510411974283827,0.009999999999999787,3.926568077511483,0.0,5.303894287061106,-2.700000000000003,-0.057695038483896746,-0.20999999999999996
2006-09-30,0.024269399114309694,2.4832385544766455,0.0,2.012072434607637,-0.20000000000000018,5.178439055384931,3.4000000000000057,-0.11236296818704417,-0.16000000000000014
2006-10-31,0.031021812670560825,2.40694514268493,0.0,1.4063284781516971,-0.09999999999999964,5.385391110642845,8.199999999999989,-0.0687657794001347,0.010000000000000675
2006-11-30,0.016332551131230073,2.3896797858589216,0.0,1.9687026754164672,0.09999999999999964,5.652559040341099,-1.5,0.06987803819439112,-0.13000000000000078
2006-12-31,0.012536866857911234,2.4475508995432533,-0.009999999999999787,2.5239777889954462,-0.09999999999999964,5.865905080893574,-0.3999999999999915,-0.034246603067115085,-0.040000000000000036
2007-01-31,0.013961131307325757,2.3437270436470965,0.009999999999999787,2.075765178123423,0.1999999999999993,5.768116372713616,5.200000000000003,-0.04504206151086607,0.20000000000000018
2007-02-28,-0.022088337053376834,2.73566537308291,0.009999999999999787,2.420260782347028,-0.09999999999999964,5.619790664278201,-5.6000000000000085,0.06020992956776555,-0.040000000000000036
2007-03-31,0.009930511784698804,2.683757531984173,0.0,2.798197295943927,-0.09999999999999964,5.892780642016149,-2.8999999999999915,0.06516555015314929,-0.16000000000000014
2007-04-30,0.04237984325323969,2.6546494431534917,-0.009999999999999787,2.5929247633283525,0.09999999999999964,6.372945099825178,-1.3000000000000114,-0.0024293968826740665,0.13000000000000078
2007-05-31,0.03203072385189615,2.568788148384401,0.0,2.709885742672613,-0.09999999999999964,6.470786797188022,1.2000000000000028,-0.02712030621919401,0.05999999999999961
2007-06-30,-0.017976943869676052,2.7868613533217137,0.0,2.692765113974227,0.1999999999999993,6.363291397880855,-3.0,0.09599155279721407,0.34999999999999964
2007-07-31,-0.03250447118036484,3.157851142493167,0.009999999999999787,2.3178905864958077,0.10000000000000053,6.166589300220493,5.1000000000000085,0.10408256021233425,-0.09999999999999964
2007-08-31,0.012781539018930576,3.151880920148567,-0.2400000000000002,1.897448478900876,-0.10000000000000053,6.782573536844239,-7.0,-0.055474861146957426,-0.33000000000000007
2007-09-30,0.03516829026279035,2.8903717578961645,-0.07999999999999918,2.8338264299802685,0.10000000000000053,6.625050342327832,0.0,0.09852455153733612,-0.15000000000000036
2007-10-31,0.014713560940170525,2.9193910773531506,-0.1800000000000006,3.610698365527476,0.0,6.089949583672549,-2.5,0.14267612501037719,0.010000000000000675
2007-11-30,-0.04504278263090341,3.129826044730509,-0.2699999999999996,4.373267326732666,0.0,5.9171261297106925,-4.800000000000011,-0.06086360534098602,-0.3799999999999999
2007-12-31,-0.008665949670829879,3.1135153092103742,-0.25,4.108813392417532,0.2999999999999998,5.703309275292701,-0.5999999999999943,0.0796953648426737,-0.05000000000000071
2008-01-31,-0.0631138642063085,3.2657594398868772,-0.30000000000000027,4.294695655165981,0.0,5.608080581037611,2.9000000000000057,-0.04563205048002468,-0.35999999999999943
2008-02-29,-0.03537973959244805,3.278653063400193,-0.96,4.142959270611968,-0.09999999999999964,6.583687257334292,-7.6000000000000085,0.10461844918700236,0.0
2008-03-31,-0.0059774528264186924,3.242982924043982,-0.3700000000000001,3.9749035501344343,0.1999999999999993,7.000362713093944,-1.2999999999999972,-0.002360811641438304,-0.23000000000000043
2008-04-30,0.04645095190758541,3.03447214590683,-0.33000000000000007,3.9037609759888126,-0.09999999999999964,6.515944590992584,-6.899999999999999,0.11311059123724203,0.17000000000000037
2008-05-31,0.010617614807393634,2.880882427596084,-0.2999999999999998,4.088413823123993,0.40000000000000036,6.486918644721951,-2.8000000000000043,0.11337580066897564,0.19999999999999973
2008-06-30,-0.08988355391782211,3.1759683557124334,0.020000000000000018,4.935966105947864,0.1999999999999993,6.258404456763356,-3.3999999999999986,0.0944174660740214,0.21999999999999975
2008-07-31,-0.009908296633774068,3.1328821349818528,0.009999999999999787,5.497512078341837,0.20000000000000018,6.456064601636902,4.800000000000004,-0.1197050730707366,-0.08999999999999986
2008-08-31,0.012116759351493936,3.0277153009339317,-0.009999999999999787,5.308017162091239,0.2999999999999998,5.557959647319732,1.7999999999999972,-0.07194825770836102,-0.11999999999999966
2008-09-30,-0.09518076507694331,3.6735119614877254,-0.18999999999999995,4.953319875136075,0.0,6.197221098070949,7.299999999999997,-0.13755753699587311,-0.20000000000000018
2008-10-31,-0.1856364738868827,4.092509536085161,-0.8400000000000001,3.7310578899565128,0.40000000000000036,7.361236386155268,-12.699999999999996,-0.39116858656905,0.1200000000000001
2008-11-30,-0.0777983573133054,4.0124111573772305,-0.58,1.0999174706166848,0.2999999999999998,7.692926907802944,-2.3000000000000043,-0.20983311685951336,-0.28000000000000025
2008-12-31,0.0077911466734982004,3.6888794541139363,-0.23,-0.02222800255385904,0.5,9.6313419473804,4.800000000000004,-0.21341023726993477,-1.1099999999999999
2009-01-31,-0.08954987959881684,3.8031006016069004,-0.010000000000000009,-0.11358601902212717,0.5,10.26272031925508,1.1000000000000014,-0.06651356442255722,0.10000000000000009
2009-02-28,-0.11645651319919006,3.8362212590910674,0.07,0.008463140671510772,0.5000000000000009,9.406891109942128,-4.900000000000006,0.056372632446507906,0.3500000000000001
2009-03-31,0.08195269356125574,3.7873663870009606,-0.04000000000000001,-0.4464787676623838,0.3999999999999986,9.34028683181225,1.0,0.11720403328643746,-0.050000000000000266
2009-04-30,0.08977221824359974,3.597312260588446,-0.03,-0.5763244243767063,0.3000000000000007,8.798703403565655,7.799999999999997,0.014201658828164787,0.11000000000000032
2009-05-31,0.051720577155174065,3.3645333999286673,0.03,-1.015761495855172,0.40000000000000036,9.371925645937985,3.6000000000000085,0.2753420962162049,0.3599999999999999
2009-06-30,0.00019580809395360792,3.2714682894644005,0.03,-1.2291746182109153,0.09999999999999964,9.238239130154046,2.0999999999999943,0.05157978629611359,0.43000000000000016
2009-07-31,0.07152194934301422,3.255014874427513,-0.04999999999999999,-1.9587610037622771,0.0,8.628966012937678,-4.799999999999997,-0.008052962702613872,-0.16000000000000014
2009-08-31,0.03300933634285532,3.2584810882603232,0.0,-1.4838355663267633,0.09999999999999964,8.41938046068309,-0.29999999999999716,0.01019903978352933,0.029999999999999805
2009-09-30,0.03510006736774632,3.242982924043982,-0.010000000000000009,-1.377942862886472,0.20000000000000107,7.484375793912923,7.799999999999997,0.006978594155286082,-0.18999999999999995
2009-10-31,-0.01995988019711955,3.4239368860333266,-0.03,-0.22396829420033848,0.1999999999999993,6.432682541473866,-2.9000000000000057,0.08927959457677861,-0.009999999999999787
2009-11-30,0.055779076586737225,3.1990812068783256,0.0,1.9145871744709275,-0.09999999999999964,6.104397657904581,-3.1999999999999886,0.0019451474718923075,0.009999999999999787
2009-12-31,0.017614520350300044,3.076390190647819,0.0,2.8141231232083674,0.0,3.7478518410179573,5.099999999999994,0.028102500775259484,0.18999999999999995
2010-01-31,-0.0376751237121947,3.2035591548437723,-0.009999999999999995,2.6211113889767157,-0.09999999999999964,2.2765110387260368,1.9000000000000057,-0.08596988309580827,0.14000000000000012
2010-02-28,0.028114739741840464,2.970414465569701,0.020000000000000004,2.151336357866529,0.0,2.5002103542365317,-0.8000000000000114,0.09011796270338022,-0.040000000000000036
2010-03-31,0.0571328154163926,2.8673305674241623,0.03,2.2861714393279886,0.09999999999999964,1.6347896594486322,0.0,0.04572715476325007,0.040000000000000036
2010-04-30,0.014651373006918428,3.0933125672924255,0.04000000000000001,2.2067707525304403,0.0,1.9508765239360626,-1.3999999999999915,0.030913268553538976,0.1200000000000001
2010-05-31,-0.08553157288349063,3.4679210041891366,0.0,2.003548929218568,-0.3000000000000007,1.891303318657389,1.3999999999999915,-0.1510958254572133,-0.43000000000000016
2010-06-30,-0.055388449405503734,3.5421180992248247,-0.020000000000000018,1.1215605940686268,-0.1999999999999993,1.9954369746906009,2.4000000000000057,0.02125890609991564,-0.21999999999999975
2010-07-31,0.066515799010857,3.1570004211501135,0.0,1.3407784804821077,0.0,2.0795179299344158,-8.200000000000003,0.042223314104961884,-0.1900000000000004
2010-08-31,-0.048611822887418846,3.2600177389118725,0.010000000000000009,1.1501775395112546,0.09999999999999964,2.6574500768049125,1.1000000000000085,-0.09185388952978239,-0.3099999999999996
2010-09-30,0.08392847418803404,3.165475080332623,0.0,1.1183122472331775,0.0,3.038432447764028,-0.7000000000000028,0.10570801540069824,-0.050000000000000266
2010-10-31,0.03619305175049079,3.054001217665676,0.0,1.1666951489314625,-0.09999999999999964,3.3047043438306334,-0.5,0.018587895768090983,-0.10999999999999988
2010-11-30,-0.0022928763797244473,3.1587011407245402,0.0,1.084544776600338,0.40000000000000036,3.1936127744510934,3.8999999999999915,0.03225501578644488,0.21999999999999975
2010-12-31,0.06325648750899807,2.8763855159214247,-0.010000000000000009,1.437793022217937,-0.5,3.6535795681492456,2.9000000000000057,0.08278228530062633,0.5300000000000002
2011-01-31,0.022392969812412192,2.971951780047087,-0.009999999999999981,1.7007834915029774,-0.20000000000000107,4.379725633131626,-0.29999999999999716,-0.0042770257665259714,0.10000000000000009
2011-02-28,0.03145657676282469,2.90962959528912,-0.010000000000000009,2.124898173333145,-0.09999999999999964,4.52663797450541,3.299999999999997,0.06499176492867971,0.18999999999999995
2011-03-31,-0.0010478617545838823,2.8758219639794134,-0.01999999999999999,2.619241510354109,0.0,5.256056784184904,-10.0,0.08948856711847503,-0.16999999999999993
2011-04-30,0.028096938770245248,2.691243082785829,-0.04000000000000001,3.0772344447868694,0.09999999999999964,5.6143919203254455,2.299999999999997,0.06560326156799423,0.04999999999999982
2011-05-31,-0.013592919455284002,2.737608990998456,-0.010000000000000009,3.4589718808964998,-0.09999999999999964,5.793936577999759,4.5,-0.09902108704923586,-0.29000000000000004
2011-06-30,-0.018426185911932576,2.804571795802497,0.0,3.5023181506360412,0.09999999999999964,6.420880611026769,-2.799999999999997,-0.07478230627435613,-0.16999999999999993
2011-07-31,-0.02170835585666382,3.228826155721369,-0.01999999999999999,3.5798809769996165,-0.09999999999999964,8.156722032525042,-7.799999999999997,0.003979479542165238,0.0
2011-08-31,-0.05846750227195686,3.4537898583225464,0.03,3.75499603070808,0.0,9.704301384684456,-7.900000000000006,-0.07451003393190887,-0.7000000000000002
2011-09-30,-0.0744671007197857,3.760269428889451,-0.020000000000000004,3.812621692818685,0.0,9.551882734811379,3.700000000000003,-0.11793787255010163,-0.31999999999999984
2011-10-31,0.10230659176938868,3.3998631280906957,-0.009999999999999995,3.5222681306640524,-0.1999999999999993,9.306144792664561,1.2999999999999972,0.16607903607725302,0.16999999999999993
2011-11-30,-0.005071553722512535,3.3250359932527256,0.009999999999999995,3.451432214581729,-0.20000000000000107,9.642735237228361,2.9000000000000057,0.07412330170065748,-0.14000000000000012
2011-12-31,0.008496565407114517,3.152736006061531,-0.009999999999999995,3.062066838419386,-0.09999999999999964,9.754964185329573,6.200000000000003,-0.015362519110128975,-0.029999999999999805
2012-01-31,0.042660044467807356,2.9673328265043923,0.009999999999999995,3.0087663379855023,-0.1999999999999993,10.267826873093,5.099999999999994,-0.003750828058038018,-0.010000000000000009
2012-02-29,0.03978734467204456,2.913979788240374,0.020000000000000004,2.8981784423473878,0.0,10.058003208688149,0.29999999999999716,0.0839258443220972,0.0
2012-03-31,0.03085147563299614,2.740840023925201,0.03,2.5828752813320977,-0.10000000000000142,9.835590480967493,0.9000000000000057,-0.038556010695175086,0.19999999999999996
2012-04-30,-0.007525699544988767,2.841998151368816,0.010000000000000009,2.2731633741348567,0.0,9.657889785392527,0.20000000000000284,0.017891974016535882,-0.1200000000000001
2012-05-31,-0.06469930815862472,3.180550688349624,0.01999999999999999,1.7379429374660749,0.0,9.262390478490978,2.8999999999999915,-0.1925365808886546,-0.24999999999999978
2012-06-30,0.03879271987369995,2.8379081838935654,0.0,1.653870448297634,0.0,9.142788686683879,-6.099999999999994,-0.01725386705116537,-0.17999999999999994
2012-07-31,0.01251888494028272,2.9407479813425086,0.0,1.4175114798464783,0.0,7.815543331692387,-0.9000000000000057,0.035123758380731944,-0.09000000000000008
2012-08-31,0.01957060970187109,2.8604850848416996,-0.03,1.6859349154821235,-0.09999999999999964,6.448431434267121,2.0,0.09098658676803777,0.1499999999999999
2012-09-30,0.023947118796254597,2.755569687968872,0.010000000000000009,1.9497168982819613,-0.2999999999999998,7.062765010731309,4.0,-0.0454888918900999,0.040000000000000036
2012-10-31,-0.019987842358050206,2.9231616012282804,0.01999999999999999,2.1556780595369363,0.0,7.38700388130713,4.299999999999997,-0.06672504232812916,0.030000000000000027
2012-11-30,0.0028426724604567314,2.76443052732717,0.0,1.7960197033926262,-0.09999999999999964,7.527629326000107,0.10000000000000853,0.02643628233976187,-0.10000000000000009
2012-12-31,0.0070433681007134085,2.891482277583281,0.0,1.7595049796895523,0.20000000000000018,8.263199743904837,-9.799999999999997,0.0364846143214357,0.07000000000000006
2013-01-31,0.04919779199874611,2.6588599382119416,-0.01999999999999999,1.684061762098299,0.09999999999999964,7.6914405181601975,0.8999999999999915,0.06145061569725722,0.18999999999999995
2013-02-28,0.010999927126354463,2.7414849919454967,0.009999999999999981,2.0181404902574807,-0.2999999999999998,7.316153234520595,3.799999999999997,-0.05927504647192249,0.07000000000000006
2013-03-31,0.035355294329704884,2.541601978446052,-0.009999999999999981,1.5187472411246183,-0.20000000000000018,7.407219476552429,1.0,0.05506753859715704,-0.020000000000000018
2013-04-30,0.017924165836652507,2.604170104473077,0.009999999999999981,1.138808047576867,0.09999999999999964,7.101547281407372,-2.1999999999999886,-0.04221985850332772,-0.19999999999999996
2013-05-31,0.020550202383511563,2.7911650610066143,-0.039999999999999994,1.3903888279197085,-0.09999999999999964,6.980927306710627,8.099999999999994,-0.01393487306893156,0.16999999999999993
2013-06-30,-0.015112928770280075,2.824943988774869,-0.020000000000000004,1.7157935271568725,0.0,6.802307016843612,-0.4000000000000057,0.04706375987100725,0.3699999999999999
2013-07-31,0.04827772805178804,2.598979091866817,0.0,1.885471805415806,-0.20000000000000018,6.633579830264513,1.0,0.08682110013623481,0.28000000000000025
2013-08-31,-0.03179826803794541,2.8338014198634927,-0.009999999999999995,1.538809488600279,-0.09999999999999964,6.46191452452296,-3.0,0.02703374690723548,0.16000000000000014
2013-09-30,0.02931559136642498,2.8094027183426014,0.0,1.0947341081747997,0.0,6.218401932310447,-4.599999999999994,-0.05345001349855288,0.06999999999999984
2013-10-31,0.04362997111283392,2.6210388241125804,0.009999999999999995,0.8767991434911471,0.0,6.741867785939126,-4.299999999999997,-0.06113154003939537,-0.18999999999999995
2013-11-30,0.02766328977323541,2.6173958189118265,-0.009999999999999995,1.2328701961954458,-0.2999999999999998,6.115673766394192,1.8999999999999915,-0.039615432232686106,0.10000000000000009
2013-12-31,0.0232894744820535,2.61885464176048,0.009999999999999995,1.5128383667573297,-0.20000000000000018,5.4940338226457275,7.400000000000006,0.05895163068492351,0.17999999999999972
2014-01-31,-0.0362314077760193,2.912893986956671,-0.01999999999999999,1.557758795574915,-0.10000000000000053,5.925904778218705,-1.2999999999999972,-0.006335602635309847,-0.040000000000000036
2014-02-28,0.042213375072275613,2.6390573296152584,0.0,1.1204746347724948,0.10000000000000053,6.3576347660888155,0.3999999999999915,0.05319819342018908,-0.1499999999999999
2014-03-31,0.006908248426944213,2.630448963323681,0.009999999999999995,1.6126949139408042,0.0,6.130123396133724,-1.5999999999999943,-0.012815044537899488,0.010000000000000231
2014-04-30,0.0061816433655846855,2.5960006859149227,0.009999999999999995,2.015125303606169,-0.5,6.28009763176991,4.099999999999994,-0.014878274849045074,-0.010000000000000231
2014-05-31,0.020812196013358243,2.4336133219381924,0.0,2.166947687079812,0.09999999999999964,6.544180498022745,-2.1999999999999886,0.03273502097196427,-0.1499999999999999
2014-06-30,0.018878996713560546,2.448415514829113,0.010000000000000009,2.0589816945944195,-0.20000000000000018,6.491455906122412,0.5999999999999943,0.025494291443049887,0.040000000000000036
2014-07-31,-0.01519468763799153,2.8302678788376356,-0.010000000000000009,1.9742378703305974,0.10000000000000053,6.610939419890549,-0.7000000000000028,-0.07678758583060058,-0.06000000000000005
2014-08-31,0.03696364440798924,2.4923786772477015,0.0,1.7150983482969062,-0.10000000000000053,6.259489686331143,0.7000000000000028,-0.003773781825800751,-0.1200000000000001
2014-09-30,-0.01563543610528987,2.7917783838887393,0.0,1.6840509711232077,-0.1999999999999993,6.049530473209352,2.0999999999999943,-0.07081199026416606,0.10999999999999988
2014-10-31,0.022936398829564386,2.6411978750816676,0.0,1.6095417021513292,-0.20000000000000018,5.523242583945476,2.3000000000000114,-0.12409610978935784,-0.22999999999999998
2014-11-30,0.024237473563306713,2.5900171284671405,0.0,1.231524989320798,0.09999999999999964,5.807777656517166,1.8999999999999915,-0.19988454816386864,0.03000000000000025
2014-12-31,-0.004197384221126008,2.954910318770165,0.03,0.6531213919623191,-0.20000000000000018,5.9447925425629045,4.799999999999997,-0.2099986001725306,-0.1200000000000001
2015-01-31,-0.031532779266425476,3.0430928121696454,-0.009999999999999995,-0.22993097820542818,0.10000000000000053,6.058863693535077,4.5,-0.11193022488098742,-0.33000000000000007
2015-02-28,0.053438876325627216,2.5907670519258503,0.0,-0.08703146293520536,-0.20000000000000018,6.483995427264944,-2.6999999999999886,0.04200146188913093,0.10000000000000009
2015-03-31,-0.017549197433963104,2.727199017446074,0.0,-0.022031284423873476,-0.09999999999999964,6.1241386678062115,-2.4000000000000057,-0.04346727724948241,0.06000000000000005
2015-04-30,0.008484722544635536,2.6775910067264266,0.009999999999999995,-0.10403098939391064,0.0,6.002110359381785,2.9000000000000057,0.22264049102020997,-0.10000000000000009
2015-05-31,0.010436729675336851,2.62756296121466,0.0,0.03503321824429584,0.1999999999999993,5.640582572204411,-5.200000000000003,0.010511484120839139,0.26000000000000023
2015-06-30,-0.021235558871758677,2.903068563580112,0.010000000000000009,0.1795718097550525,-0.2999999999999998,5.484247374562434,5.3999999999999915,-0.01286245077881014,0.1599999999999997
2015-07-31,0.019549682990019603,2.4948569711988484,0.0,0.22568611104094582,-0.09999999999999964,5.361040775342696,-3.0,-0.23315482888000458,-0.040000000000000036
2015-08-31,-0.06462473099312406,3.347444936397195,0.010000000000000009,0.2413037985344868,-0.10000000000000053,5.53004626523661,-1.1999999999999886,0.04340833078631275,-0.1499999999999999
2015-09-30,-0.026798730963462747,3.1986731175506815,0.0,0.008842961634170088,-0.09999999999999964,5.684471877143182,-4.700000000000003,-0.08789868849416402,0.0
2015-10-31,0.07971937954339872,2.7127059923878547,-0.020000000000000018,0.12761656067050708,0.0,5.452381157757635,2.799999999999997,0.03360560612750181,-0.10000000000000009
2015-11-30,0.0005047417068051869,2.780680840107767,0.0,0.4363182169185187,0.09999999999999964,5.868903749290877,1.2999999999999972,-0.14202845747892065,0.18999999999999995
2015-12-31,-0.01768565839025723,2.9019708434634395,0.12,0.6387247515364791,-0.09999999999999964,5.72045470062128,1.2999999999999972,-0.08514681546369071,-0.019999999999999574
2016-01-31,-0.052067617305496784,3.0056826421764384,0.10000000000000003,1.2375025026943876,-0.20000000000000018,6.042252566665529,-0.5999999999999943,-0.09811507942632894,-0.15000000000000036
2016-02-29,-0.00413690551499243,3.0228609038162353,0.03999999999999998,0.8472775790126619,0.10000000000000053,5.712584292280343,-0.29999999999999716,-0.027712616819670962,-0.30999999999999983
2016-03-31,0.06390499028682897,2.6354794945946245,-0.020000000000000018,0.8916160965521946,0.09999999999999964,6.218698880080531,-0.7000000000000028,0.12069740282810486,0.10999999999999988
2016-04-30,0.0026957614511553935,2.753660700205545,0.010000000000000009,1.1726257503534843,0.09999999999999964,6.596623893731279,-2.0,0.2189115445639416,-0.07999999999999985
2016-05-31,0.015208366810523843,2.6525374616006543,0.0,1.0784764621246223,-0.2999999999999998,6.838248794084745,5.700000000000003,0.06565251546543943,0.0
2016-06-30,0.0009105066031534965,2.749192151755261,0.010000000000000009,1.0792865347959424,0.10000000000000053,6.897498170204264,-1.2000000000000028,-0.017048785128073354,-0.17000000000000015
2016-07-31,0.03499043269105408,2.474014198980387,0.010000000000000009,0.8683633430518256,-0.10000000000000053,7.001740283417579,-3.5,-0.15015343122443536,-0.1399999999999999
2016-08-31,-0.0012199867803522136,2.5967461372286285,0.010000000000000009,1.0553158595656864,0.10000000000000053,7.246532364597091,-0.20000000000000284,0.07286915575303383,0.06000000000000005
2016-09-30,-0.0012352137017536324,2.5870118698548024,0.0,1.5486446201652182,0.09999999999999964,7.236793467992997,1.4000000000000057,0.06582462302871545,0.06999999999999984
2016-10-31,-0.019616837043472765,2.8367365107588656,0.0,1.685924966243646,-0.09999999999999964,7.342211170369395,-4.0,-0.01882657403426497,0.13000000000000012
2016-11-30,0.033603545044434316,2.5900171284671405,0.009999999999999953,1.6843334719788938,-0.20000000000000018,7.239587561906324,6.599999999999994,0.05362880966220826,0.3800000000000001
2016-12-31,0.01803711129927909,2.641910395880644,0.13000000000000006,2.0507989115119862,0.0,6.837317059388592,4.400000000000006,0.08419083415011351,0.3500000000000001
2017-01-31,0.017726314621062854,2.4840729499500287,0.10999999999999999,2.5103933482571117,0.0,6.368175100850748,0.29999999999999716,-0.01877989465159636,-0.06000000000000005
2017-02-28,0.03652300073827695,2.55877650425956,0.010000000000000009,2.8103616813294208,-0.10000000000000053,6.275041852125129,-2.200000000000003,0.023420274208098422,-0.010000000000000231
2017-03-31,-0.00038927289213133893,2.5152741771529077,0.13,2.44119623655914,-0.1999999999999993,6.332432987410952,0.6000000000000085,-0.0662189446042262,0.06000000000000005
2017-04-30,0.0090501324781982,2.3813962452135495,0.10999999999999999,2.176223471915395,0.0,6.1091405612405,0.09999999999999432,-0.024638201724013396,-0.18000000000000016
2017-05-31,0.011509759110980618,2.342766867969059,0.010000000000000009,1.8563431667619756,0.0,5.990470239025147,0.09999999999999432,-0.02090240035058428,0.0
2017-06-30,0.004802226040503879,2.414126495023534,0.13,1.640565809959127,-0.10000000000000053,5.664267652207733,-2.0999999999999943,-0.048148415278230584,-0.10999999999999988
2017-07-31,0.01916401754710087,2.3282528620507943,0.10999999999999988,1.7251073506566073,0.0,5.662993052920173,-1.5999999999999943,0.0871381254393943,0.1299999999999999
2017-08-31,0.0005462837796946754,2.359910174021992,0.010000000000000009,1.92812155729698,0.10000000000000053,5.450472297281683,3.3999999999999915,-0.06054993828785243,-0.10999999999999988
2017-09-30,0.01911903935235539,2.252343900624789,-0.010000000000000009,2.1805652303711787,-0.10000000000000053,5.2869037679338815,-1.7000000000000028,0.08921307054033152,-0.009999999999999787
2017-10-31,0.021945560031841664,2.320425041100351,0.0,2.020757753132485,-0.09999999999999964,5.161246075532677,5.6000000000000085,0.050751246983849696,0.1599999999999997
2017-11-30,0.02769554104663445,2.423031222397146,0.010000000000000009,2.172493864295566,0.0,4.805923368688814,-2.200000000000003,0.054415714042577765,-0.009999999999999787
2017-12-31,0.009783614574871227,2.4015250373936077,0.14000000000000012,2.129930719552253,-0.10000000000000053,4.887078859681604,-2.5999999999999943,0.05193768602579124,0.04999999999999982
2018-01-31,0.05465739835832857,2.605648264666775,0.10999999999999988,2.151318868063945,-0.09999999999999964,4.3903061799229315,-0.20000000000000284,0.06963220836208911,0.18000000000000016
2018-02-28,-0.0397261075980839,2.9882040263508176,0.010000000000000009,2.263468931091861,0.09999999999999964,4.139666139098752,4.0,-0.05371588253756523,0.2799999999999998
2018-03-31,-0.02725249736693992,2.994231113043872,0.09000000000000008,2.3309497646499366,-0.09999999999999964,4.078403992988511,1.7000000000000028,0.05448695204912811,-0.020000000000000018
2018-04-30,0.002715085811824473,2.7682041430792563,0.17999999999999994,2.4709963021052994,0.0,3.802776278130704,-2.6000000000000085,0.05532400706456025,0.03000000000000025
2018-05-31,0.021378191183066175,2.7363136861531494,0.010000000000000009,2.781921607842497,-0.20000000000000018,3.858087243623287,-0.7999999999999972,-0.023315206923465837,0.10999999999999988
2018-06-30,0.004830749386570285,2.7781979704876907,0.1200000000000001,2.8075506935940187,0.20000000000000018,4.099259968336955,0.20000000000000284,0.10142624130256982,-0.06999999999999984
2018-07-31,0.035387950737524286,2.551786172681018,0.08999999999999986,2.854124785561929,-0.20000000000000018,3.8957421700346773,-0.29999999999999716,-0.05904082340277255,-0.020000000000000018
2018-08-31,0.029814314524382428,2.554121692112525,0.0,2.6429238568742575,0.0,3.836410492272435,-1.7000000000000028,-0.0005725737345089708,0.0
2018-09-30,0.004285093286333627,2.4948569711988484,0.040000000000000036,2.332055105808828,-0.09999999999999964,3.6405700940698837,3.8999999999999915,0.04644191199131802,0.10999999999999988
2018-10-31,-0.07192934595429683,3.055415254153051,0.24,2.492032470218053,0.09999999999999964,3.307947043861992,-1.5,-0.1135036596080991,0.1499999999999999
2018-11-30,0.017701752056117587,2.8942530877156045,0.010000000000000231,2.147328577667773,0.0,3.173330443890632,-1.0999999999999943,-0.25164258763803343,-0.029999999999999805
2018-12-31,-0.09626521985789901,3.2355362687626434,0.06999999999999984,2.0023809043401064,0.10000000000000009,3.6386033410893415,0.7999999999999972,-0.11751229641353798,-0.29000000000000004
2019-01-31,0.07574215198675599,2.8075938130211036,0.1299999999999999,1.4875893578291333,0.10000000000000009,4.02437357467107,-7.099999999999994,0.17602640547347806,-0.1200000000000001
2019-02-28,0.029295553365402384,2.6932748974531537,0.0,1.5188615351321877,-0.20000000000000018,3.993031908411182,2.5999999999999943,0.06071202294396502,-0.029999999999999805
2019-03-31,0.017765510890228747,2.6181254963566425,0.010000000000000231,1.8831863513063984,0.0,3.8879016891819607,4.6000000000000085,0.05077751727924204,-0.11000000000000032
2019-04-30,0.03856039741757082,2.574137774793312,0.009999999999999787,2.000583470209061,-0.09999999999999964,3.981219586916418,-1.2000000000000028,0.058717073708286424,-0.040000000000000036
2019-05-31,-0.06804089408287398,2.9290580913534825,-0.029999999999999805,1.7959105553606136,-0.10000000000000009,4.342766313757762,2.799999999999997,-0.17672857872480713,-0.1299999999999999
2019-06-30,0.06665830156302614,2.7133693575205298,-0.010000000000000231,1.671194894390049,0.0,4.708145884616455,-1.7999999999999972,0.08439063419423341,-0.33000000000000007
2019-07-31,0.01304272483370528,2.780060789140106,0.020000000000000018,1.826331335037068,0.10000000000000009,5.024480408618226,0.20000000000000284,0.005654088565737375,-0.009999999999999787
2019-08-31,-0.018257281743262237,2.943385769063569,-0.27,1.7376412106666406,-0.10000000000000009,5.281511896057145,-8.600000000000009,-0.06093434002873943,-0.43000000000000016
2019-09-30,0.01703525059107193,2.7874773206398227,-0.08999999999999986,1.6844977040391562,-0.10000000000000009,5.626338141869369,3.4000000000000057,-0.017955777391054507,0.07000000000000006
2019-10-31,0.020225842153317446,2.581730854622391,-0.20999999999999996,1.7339736996186295,0.10000000000000009,6.50575873630459,2.299999999999997,-0.0012949775188661151,0.010000000000000009
2019-11-30,0.033480266071378155,2.5352828480448486,-0.28,2.092290394862917,0.0,7.0938471448175555,1.2999999999999972,0.07315549033761264,0.10000000000000009
2019-12-31,0.028188756298542148,2.6232182462075144,0.0,2.3195274699624457,0.0,6.677648955987436,2.5,0.050656477760606264,0.050000000000000044
2020-01-31,-0.0016294196024425806,2.935982277247362,0.0,2.599767976845202,0.0,6.690318609653034,0.5,-0.17003231600948976,-0.10000000000000009
2020-02-29,-0.08785953690838776,3.691625694998904,0.030000000000000027,2.3413166797595197,-0.10000000000000009,6.804629712607624,1.2000000000000028,-0.14025644228585057,-0.26
2020-03-31,-0.1336677246703745,3.980429055192082,-0.93,1.4940399642909163,0.9000000000000004,10.135668899192861,-11.900000000000006,-0.7819649860830588,-0.63
2020-04-30,0.11942083876017671,3.5307626306984643,-0.6,0.3130472940411133,10.4,16.928062926952926,-17.299999999999997,-0.06444101248360097,-0.20999999999999996
2020-05-31,0.04428653294909693,3.314549583256434,0.0,0.1982013035848551,-1.6000000000000014,21.956013166127164,0.5,0.6150310263596754,0.010000000000000009
2020-06-30,0.018221374356719156,3.4154289739376598,0.03,0.7166562831830481,-2.1999999999999993,22.843651201124104,5.799999999999997,0.09895828262955439,0.05999999999999994
2020-07-31,0.053636801634505855,3.197039092829453,0.009999999999999995,0.9968647625897997,-0.8000000000000007,23.165488889485996,-5.599999999999994,0.020915465722605157,-0.10999999999999999
2020-08-31,0.06771908300435733,3.273742720531385,0.010000000000000009,1.2810698495523853,-1.799999999999999,22.95116999679454,1.5999999999999943,0.06071263319929704,0.030000000000000027
2020-09-30,-0.04001811998317809,3.272227032190504,-0.010000000000000009,1.3910228912373812,-0.6000000000000005,23.629294876055027,6.300000000000011,-0.06196029399745254,0.030000000000000027
2020-10-31,-0.028055692285554126,3.6381123491003584,0.0,1.2303863428671624,-0.8999999999999995,23.53448673283236,1.3999999999999915,-0.11666007091175962,0.10999999999999999
2020-11-30,0.10214642790660017,3.0238336888289017,0.0,1.1757452138405844,-0.20000000000000018,24.195868200836813,-4.8999999999999915,0.23762848423557695,0.07999999999999996
2020-12-31,0.03644904784059159,3.1245651453969594,0.0,1.3204191315779434,0.0,24.552532985828314,3.799999999999997,0.06736913506111769,0.06000000000000005
2021-01-31,-0.0111991376508885,3.49923112654482,0.0,1.3738437137002402,-0.2999999999999998,25.61660973222446,-1.7000000000000028,0.07584969571909403,0.15000000000000002
2021-02-28,0.02575687667253664,3.3304172268976893,-0.009999999999999995,1.6698167791706853,-0.20000000000000018,26.775272051325082,-2.200000000000003,0.16553393501206493,0.17999999999999994
2021-03-31,0.041562807282546625,2.9652730464058945,-0.009999999999999995,2.6678187820641908,-0.10000000000000053,23.95184931079648,8.100000000000009,-0.039097243927828804,0.3500000000000001
2021-04-30,0.05109733046805641,2.923699103451126,0.0,4.133077115360573,0.0,18.224701587431813,3.3999999999999915,0.07028729719601237,0.029999999999999805
2021-05-31,0.00547149271672327,2.818995108710371,-0.010000000000000009,4.918257089467626,-0.2999999999999998,14.086399857245603,-5.3999999999999915,0.043300809482130366,-0.019999999999999796
2021-06-30,0.021970872566122474,2.7619068690733415,0.020000000000000004,5.295632620349999,0.10000000000000053,12.608678915328063,2.5999999999999943,0.10321676266665529,-0.10000000000000009
2021-07-31,0.022493175922251307,2.903616972097839,0.020000000000000004,5.245169381309234,-0.5,12.532587235620696,-4.299999999999997,0.005561221521577166,-0.19999999999999996
2021-08-31,0.028578143159792575,2.8021474967044036,-0.010000000000000009,5.152015301793966,-0.3000000000000007,13.195772138698182,-10.900000000000006,-0.07730737460460235,-0.040000000000000036
2021-09-30,-0.04873779278283316,3.1415626953890583,-0.009999999999999995,5.351215590949132,-0.39999999999999947,12.785915871522647,2.5,0.09460582807778378,0.09000000000000008
2021-10-31,0.0668581752839893,2.788708118196038,0.0,6.235042390298062,-0.20000000000000018,12.811340469996168,-1.0999999999999943,0.10442947881461954,0.20999999999999996
2021-11-30,-0.008368625655205266,3.3028492782860717,0.0,6.901970403700863,-0.40000000000000036,12.311943991156514,-4.299999999999997,-0.23307292430316304,-0.020000000000000018
2021-12-31,0.04268864816139665,2.8460714591247,0.0,7.174340285065539,-0.19999999999999973,12.46671584090564,3.1999999999999886,0.13010475428395657,-0.09000000000000008
2022-01-31,-0.05401822999928342,3.2120525964474234,0.0,7.558805726967832,0.10000000000000009,11.718870942773108,-3.3999999999999915,0.16855404668006485,0.29000000000000004
2022-02-28,-0.03186276102171146,3.406184910520799,0.0,7.937278766517819,-0.10000000000000009,10.604934374649977,-4.400000000000006,0.0752689335600566,0.16999999999999993
2022-03-31,0.035148286271522736,3.0233474146113988,0.12000000000000001,8.572204966013853,-0.19999999999999973,9.629048165368426,-3.3999999999999986,0.04475474833960396,0.19999999999999996
2022-04-30,-0.09206782490742232,3.5085559456676507,0.13,8.231750770777225,0.0,7.901206419699225,5.800000000000004,0.03959175434884805,0.6200000000000001
2022-05-31,5.3176290760624664e-05,3.265377678911282,0.44,8.538171195642065,-0.10000000000000009,6.161102693191256,-6.800000000000004,0.08947829372099325,0.1499999999999999
2022-06-30,-0.08765158180481791,3.3572454622441756,0.43999999999999995,8.979361103105798,0.0,5.733722060252688,-8.399999999999999,-0.05961970638506148,0.2400000000000002
2022-07-31,0.08720138468971587,3.0601145289064213,0.47,8.462576727730099,-0.10000000000000009,4.941041907983701,1.5,-0.061721409036522575,-0.2400000000000002
2022-08-31,-0.04336703066340545,3.253084028638347,0.6500000000000001,8.222579178218826,0.10000000000000009,3.8266468976569934,6.700000000000003,-0.11737595240223735,0.0
2022-09-30,-0.09804916662099257,3.4537898583225464,0.22999999999999998,8.192106896425821,-0.10000000000000009,2.6476335732329215,0.3999999999999986,-0.1199081692769772,0.6200000000000001
2022-10-31,0.07683456446885563,3.2534704372048244,0.52,7.758813957693,0.10000000000000009,1.4215030693691677,1.2999999999999972,0.07970573341036737,0.45999999999999996
2022-11-30,0.05235797609764905,3.0243197266987147,0.6999999999999997,7.122856456533988,0.0,0.3308976888718007,-3.1999999999999957,-0.07259802844530973,-0.08999999999999986
2022-12-31,-0.060781825376668173,3.075928819068985,0.31999999999999984,6.404600402357152,-0.10000000000000009,-0.9665655757530645,3.0999999999999943,-0.003984069014874459,-0.27
2023-01-31,0.05992118183434968,2.9652730464058945,0.23000000000000043,6.327178517960097,0.0,-1.7117782909930601,5.1000000000000085,-0.015209896634903483,-0.0900000000000003
2023-02-28,-0.02645947885979313,3.0301337371283013,0.2400000000000002,5.957820738137087,0.10000000000000009,-2.2182022389158784,2.0,-0.02656897603961414,0.2200000000000002
2023-03-31,0.03445129269826359,2.928523564659441,0.08000000000000007,4.917719362889961,-0.10000000000000009,-3.8555455596966937,-4.900000000000006,-0.01573183991841412,-0.08999999999999986
2023-04-30,0.0145361776495622,2.7587432984957503,0.17999999999999972,4.950079879124369,-0.10000000000000009,-4.630790785272964,1.7000000000000028,0.014430264829028837,-0.20000000000000018
2023-05-31,0.0024792714332724764,2.8870328863997474,0.22999999999999954,4.131851231385042,0.20000000000000018,-4.097239807546216,-4.700000000000003,-0.11982014431942473,0.10999999999999988
2023-06-30,0.06271886491464175,2.609334239391006,0.020000000000000462,3.070617072997095,0.0,-3.934654892107603,5.200000000000003,0.03675559667777202,0.18000000000000016
2023-07-31,0.03066395090770391,2.6122732541046934,0.040000000000000036,3.287749268428297,-0.10000000000000009,-3.9791620483263124,7.299999999999997,0.14639760167770227,0.1499999999999999
2023-08-31,-0.017875203842993896,2.607861451357774,0.20999999999999996,3.722504803505289,0.20000000000000018,-3.9790740449760165,-2.0999999999999943,0.02116801143270143,0.27
2023-09-30,-0.04994616792328207,2.8633431116363086,0.0,3.687206638119256,0.0,-3.662154946254037,-1.6000000000000085,0.0828835794971332,0.20999999999999996
2023-10-31,-0.022224841001403373,2.8981194110402666,0.0,3.2512659098611785,0.19999999999999973,-3.3949164783449337,-4.0,-0.1060094965968918,0.41999999999999993
2023-11-30,0.0854244482007529,2.55877650425956,0.0,3.1333462745911866,-0.19999999999999973,-3.083175670941074,-2.5,-0.07606971873676095,-0.2999999999999998
2023-12-31,0.04327903543160833,2.5217206075906473,0.0,3.3159099427102934,0.09999999999999964,-2.4099384716546823,8.400000000000006,-0.051112446209102956,-0.4800000000000004
2024-01-31,0.015770693886425723,2.663749968788886,0.0,3.0883429864855705,-0.09999999999999964,-2.046580260721642,9.299999999999997,0.059273607736438194,0.040000000000000036
2024-02-29,0.050427528312771974,2.595254678488975,0.0,3.157074141648697,0.19999999999999973,-1.4852021145888794,-2.0999999999999943,0.0378180114615523,0.15000000000000036
2024-03-31,0.03054742011174303,2.565718310117176,0.0,3.4868349120836584,0.0,0.12937536998491872,2.5,0.058111702758661524,0.0
2024-04-30,-0.04250577768147858,2.7504708926110992,0.0,3.3607951262196734,0.0,0.9551379001416116,-2.200000000000003,-0.005613630746523092,0.33000000000000007
2024-05-31,0.04690380530435967,2.55877650425956,0.0,3.244278584003113,0.0,0.9169643200061417,-8.100000000000009,-0.06840272688440052,-0.05999999999999961
2024-06-30,0.03408234323888226,2.5209170535797867,0.0,2.9702579486470926,0.19999999999999973,1.293793541128796,-0.8999999999999915,0.060466177288664096,-0.17000000000000082
2024-07-31,0.011257710402409889,2.794839368482153,0.0,2.9414757935583014,0.10000000000000053,1.4626380391704163,-1.7999999999999972,-0.042795851633555364,-0.05999999999999961
2024-08-31,0.022577897117514727,2.70805020110221,0.0,2.607144490692037,0.0,1.9713917178445506,1.5,-0.06292691724322969,-0.3799999999999999
2024-09-30,0.019995632287754545,2.817203487636887,-0.20000000000000018,2.4264830315416708,-0.10000000000000053,2.51448346330696,2.1999999999999886,-0.08059080918670693,-0.1499999999999999
2024-10-31,-0.009946041598550177,3.142426646116371,-0.2999999999999998,2.578844053871343,0.0,2.889127907818012,0.4000000000000057,0.012000433177115261,0.37999999999999945
2024-11-30,0.05571971402949727,2.603430168913768,-0.1900000000000004,2.719472461284833,0.10000000000000053,3.40153760875328,1.2999999999999972,-0.01915322624523489,0.2600000000000007
2024-12-31,-0.02530769218774562,2.8535925283795955,-0.15999999999999925,2.870690967509981,-0.10000000000000053,3.4074665870949428,2.200000000000003,0.05943468953665161,0.02999999999999936
